case_id	captured_at	csharp_commit	runtime	status	expected_path	normalizations	notes
TTL-SIMPLE-001	2026-09-10T14:00:37-03:00	ef452380622f8df59a9b051d9f79fc83aef8bcb7	dotnet-sdk-8.0.130; host-8.0.30; fedora-44-x64	captured	expected/TTL-SIMPLE-001/case.json	__DATABASE_ID__	In-process C# harness capture.
TTL-PREFIX-001	2026-09-10T14:00:37-03:00	ef452380622f8df59a9b051d9f79fc83aef8bcb7	dotnet-sdk-8.0.130; host-8.0.30; fedora-44-x64	captured	expected/TTL-PREFIX-001/case.json	__DATABASE_ID__	In-process C# harness capture.
TTL-BASE-001	2026-09-10T14:00:37-03:00	ef452380622f8df59a9b051d9f79fc83aef8bcb7	dotnet-sdk-8.0.130; host-8.0.30; fedora-44-x64	captured	expected/TTL-BASE-001/case.json	__DATABASE_ID__	In-process C# harness capture.
TTL-IRI-UNICODE-001	2026-09-10T14:00:37-03:00	ef452380622f8df59a9b051d9f79fc83aef8bcb7	dotnet-sdk-8.0.130; host-8.0.30; fedora-44-x64	captured	expected/TTL-IRI-UNICODE-001/case.json	__DATABASE_ID__	In-process C# harness capture.
TTL-BNODE-001	2026-09-10T14:00:37-03:00	ef452380622f8df59a9b051d9f79fc83aef8bcb7	dotnet-sdk-8.0.130; host-8.0.30; fedora-44-x64	captured	expected/TTL-BNODE-001/case.json	__DATABASE_ID__; blank-node encounter IDs	In-process C# harness capture.
TTL-LITERAL-001	2026-09-10T14:00:37-03:00	ef452380622f8df59a9b051d9f79fc83aef8bcb7	dotnet-sdk-8.0.130; host-8.0.30; fedora-44-x64	captured	expected/TTL-LITERAL-001/case.json	__DATABASE_ID__	In-process C# harness capture.
TTL-NUMERIC-001	2026-09-10T14:00:37-03:00	ef452380622f8df59a9b051d9f79fc83aef8bcb7	dotnet-sdk-8.0.130; host-8.0.30; fedora-44-x64	captured	expected/TTL-NUMERIC-001/case.json	__DATABASE_ID__	In-process C# harness capture.
TTL-EMPTY-001	2026-09-10T14:00:37-03:00	ef452380622f8df59a9b051d9f79fc83aef8bcb7	dotnet-sdk-8.0.130; host-8.0.30; fedora-44-x64	captured	expected/TTL-EMPTY-001/case.json	__DATABASE_ID__	In-process C# harness capture.
TTL-INVALID-001	2026-09-10T14:00:37-03:00	ef452380622f8df59a9b051d9f79fc83aef8bcb7	dotnet-sdk-8.0.130; host-8.0.30; fedora-44-x64	captured	expected/TTL-INVALID-001/case.json	none	Harness exception-category capture; not a middleware HTTP response.
TTL-INVALID-002	2026-09-10T14:00:37-03:00	ef452380622f8df59a9b051d9f79fc83aef8bcb7	dotnet-sdk-8.0.130; host-8.0.30; fedora-44-x64	captured	expected/TTL-INVALID-002/case.json	none	Harness exception-category capture; not a middleware HTTP response.
SELECT-BASIC-001	2026-09-10T14:00:37-03:00	ef452380622f8df59a9b051d9f79fc83aef8bcb7	dotnet-sdk-8.0.130; host-8.0.30; fedora-44-x64	captured	expected/SELECT-BASIC-001/case.json	__DATABASE_ID__	In-process C# harness capture.
SELECT-OPTIONAL-001	2026-09-10T14:00:37-03:00	ef452380622f8df59a9b051d9f79fc83aef8bcb7	dotnet-sdk-8.0.130; host-8.0.30; fedora-44-x64	captured	expected/SELECT-OPTIONAL-001/case.json	__DATABASE_ID__	In-process C# harness capture.
SELECT-FILTER-STARTS-001	2026-09-10T14:00:37-03:00	ef452380622f8df59a9b051d9f79fc83aef8bcb7	dotnet-sdk-8.0.130; host-8.0.30; fedora-44-x64	captured	expected/SELECT-FILTER-STARTS-001/case.json	__DATABASE_ID__	In-process C# harness capture.
SELECT-FILTER-CONTAINS-001	2026-09-10T14:00:37-03:00	ef452380622f8df59a9b051d9f79fc83aef8bcb7	dotnet-sdk-8.0.130; host-8.0.30; fedora-44-x64	captured	expected/SELECT-FILTER-CONTAINS-001/case.json	__DATABASE_ID__	In-process C# harness capture.
SELECT-FILTER-GREATER-001	2026-09-10T14:00:37-03:00	ef452380622f8df59a9b051d9f79fc83aef8bcb7	dotnet-sdk-8.0.130; host-8.0.30; fedora-44-x64	captured	expected/SELECT-FILTER-GREATER-001/case.json	__DATABASE_ID__	In-process C# harness capture.
SELECT-FILTER-LESSER-001	2026-09-10T14:00:37-03:00	ef452380622f8df59a9b051d9f79fc83aef8bcb7	dotnet-sdk-8.0.130; host-8.0.30; fedora-44-x64	captured	expected/SELECT-FILTER-LESSER-001/case.json	__DATABASE_ID__	In-process C# harness capture.
SELECT-DISTINCT-001	2026-09-10T14:00:37-03:00	ef452380622f8df59a9b051d9f79fc83aef8bcb7	dotnet-sdk-8.0.130; host-8.0.30; fedora-44-x64	captured	expected/SELECT-DISTINCT-001/case.json	__DATABASE_ID__	In-process C# harness capture.
SELECT-ORDER-MAX-001	2026-09-10T14:00:37-03:00	ef452380622f8df59a9b051d9f79fc83aef8bcb7	dotnet-sdk-8.0.130; host-8.0.30; fedora-44-x64	captured	expected/SELECT-ORDER-MAX-001/case.json	__DATABASE_ID__	In-process C# harness capture.
SELECT-ORDER-MIN-001	2026-09-10T14:00:37-03:00	ef452380622f8df59a9b051d9f79fc83aef8bcb7	dotnet-sdk-8.0.130; host-8.0.30; fedora-44-x64	captured	expected/SELECT-ORDER-MIN-001/case.json	__DATABASE_ID__	In-process C# harness capture.
SELECT-LIMIT-ZERO-001	2026-09-10T14:00:37-03:00	ef452380622f8df59a9b051d9f79fc83aef8bcb7	dotnet-sdk-8.0.130; host-8.0.30; fedora-44-x64	captured	expected/SELECT-LIMIT-ZERO-001/case.json	__DATABASE_ID__	In-process C# harness capture.
SELECT-LIMIT-TWO-001	2026-09-10T14:00:37-03:00	ef452380622f8df59a9b051d9f79fc83aef8bcb7	dotnet-sdk-8.0.130; host-8.0.30; fedora-44-x64	captured	expected/SELECT-LIMIT-TWO-001/case.json	__DATABASE_ID__	In-process C# harness capture.
SELECT-EMPTY-001	2026-09-10T14:00:37-03:00	ef452380622f8df59a9b051d9f79fc83aef8bcb7	dotnet-sdk-8.0.130; host-8.0.30; fedora-44-x64	captured	expected/SELECT-EMPTY-001/case.json	__DATABASE_ID__	In-process C# harness capture.
SELECT-INVALID-001	2026-09-10T14:00:37-03:00	ef452380622f8df59a9b051d9f79fc83aef8bcb7	dotnet-sdk-8.0.130; host-8.0.30; fedora-44-x64	captured	expected/SELECT-INVALID-001/case.json	none	Harness exception-category capture; not a middleware HTTP response.
SPARQL-INJECTION-PATH-001	2026-09-10T14:00:37-03:00	ef452380622f8df59a9b051d9f79fc83aef8bcb7	dotnet-sdk-8.0.130; host-8.0.30; fedora-44-x64	captured	expected/SPARQL-INJECTION-PATH-001/case.json	__DATABASE_ID__	Generated-query observation only; no execution.
WIKIDATA-GENERATION-001	2026-09-10T14:00:37-03:00	ef452380622f8df59a9b051d9f79fc83aef8bcb7	dotnet-sdk-8.0.130; host-8.0.30; fedora-44-x64	captured	expected/WIKIDATA-GENERATION-001/case.json	none	Generated-query observation only; no network execution.
RELATIONSHIPS-LOCAL-001	2026-09-10T14:00:37-03:00	ef452380622f8df59a9b051d9f79fc83aef8bcb7	dotnet-sdk-8.0.130; host-8.0.30; fedora-44-x64	captured	expected/RELATIONSHIPS-LOCAL-001/case.json	__DATABASE_ID__	In-process C# harness capture.
RELATIONSHIP-LITERAL-001	2026-09-10T14:00:37-03:00	ef452380622f8df59a9b051d9f79fc83aef8bcb7	dotnet-sdk-8.0.130; host-8.0.30; fedora-44-x64	captured	expected/RELATIONSHIP-LITERAL-001/case.json	__DATABASE_ID__	In-process C# harness capture.
RELATIONSHIP-RESOURCE-001	2026-09-10T14:00:37-03:00	ef452380622f8df59a9b051d9f79fc83aef8bcb7	dotnet-sdk-8.0.130; host-8.0.30; fedora-44-x64	captured	expected/RELATIONSHIP-RESOURCE-001/case.json	__DATABASE_ID__	In-process C# harness capture.
SEARCH-LOCAL-001	2026-09-10T14:00:37-03:00	ef452380622f8df59a9b051d9f79fc83aef8bcb7	dotnet-sdk-8.0.130; host-8.0.30; fedora-44-x64	captured	expected/SEARCH-LOCAL-001/case.json	__DATABASE_ID__	In-process C# harness capture.
QUERY-EMPTY-WHERE-001	2026-09-10T14:00:37-03:00	ef452380622f8df59a9b051d9f79fc83aef8bcb7	dotnet-sdk-8.0.130; host-8.0.30; fedora-44-x64	captured	expected/QUERY-EMPTY-WHERE-001/case.json	__DATABASE_ID__	In-process C# harness capture.
BUILTIN-GRAPH-001	2026-09-10T14:00:37-03:00	ef452380622f8df59a9b051d9f79fc83aef8bcb7	dotnet-sdk-8.0.130; host-8.0.30; fedora-44-x64	captured	expected/BUILTIN-GRAPH-001/case.json	none	In-process C# harness capture using the built-in graph.
LOCAL-CACHE-MISS-001	2026-09-10T14:00:37-03:00	ef452380622f8df59a9b051d9f79fc83aef8bcb7	dotnet-sdk-8.0.130; host-8.0.30; fedora-44-x64	captured	expected/LOCAL-CACHE-MISS-001/case.json	none	Harness exception-category capture; not a middleware HTTP response.
HTTP-BAD-JSON-001	2026-09-10T14:00:37-03:00	ef452380622f8df59a9b051d9f79fc83aef8bcb7	dotnet-sdk-8.0.130; host-8.0.30; fedora-44-x64	captured	expected/HTTP-BAD-JSON-001/case.json	none	Harness parser-error capture; not a middleware HTTP response.
HTTP-MISSING-UPLOAD-001	2026-09-10T14:00:37-03:00	ef452380622f8df59a9b051d9f79fc83aef8bcb7	dotnet-sdk-8.0.130; host-8.0.30; fedora-44-x64	captured	expected/HTTP-MISSING-UPLOAD-001/case.json	none	Harness controller-invocation capture; not a middleware HTTP response.
